idx,kind,water,dist,step,seg,amp,amp0,accel,sh_amp,sh_cyc,zz_amp,zz_cyc,tilt_deg,tilt_cyc,vz_amp,vz_cyc
1,stop,0.065,0.2845,8,25,,,2,,,,,,,,
2,shake,0.075,0.3637,5,40,,,,0.0308,2.77,,,,,,
3,zigzag,0.055,0.2446,8,25,,,,,,0.0628,1.14,,,,
4,tilt,0.085,0.296,8,25,,,,,,,,8.29,2.0,,
5,curve,0.055,0.2944,5,40,0.1166,0.053,,,,,,,,,
6,stop,0.075,0.2569,8,25,,,2,,,,,,,,
7,shake,0.085,0.3098,6,33,,,,0.0295,2.52,,,,,,
8,zigzag,0.085,0.3324,6,33,,,,,,0.1176,1.86,,,,
9,tilt,0.055,0.3826,8,25,,,,,,,,8.23,1.0,,
10,curve,0.055,0.2605,6,33,0.0685,0.0362,,,,,,,,,
11,stop,0.085,0.3618,7,29,,,2,,,,,,,,
12,shake,0.085,0.2909,5,40,,,,0.0319,2.63,,,,,,
13,zigzag,0.055,0.2835,6,33,,,,,,0.105,2.64,,,,
14,tilt,0.085,0.325,5,40,,,,,,,,12.63,2.0,,
15,curve,0.065,0.3309,6,33,0.1029,0.0505,,,,,,,,,
16,stop,0.075,0.2928,7,29,,,3,,,,,,,,
17,shake,0.085,0.2945,5,40,,,,0.0213,1.64,,,,,,
18,zigzag,0.055,0.3972,8,25,,,,,,0.0484,2.36,,,,
19,tilt,0.065,0.3976,7,29,,,,,,,,9.64,0.0,,
20,curve,0.065,0.2679,8,25,0.0685,0.0785,,,,,,,,,
21,stop,0.065,0.3593,8,25,,,2,,,,,,,,
22,shake,0.055,0.3256,8,25,,,,0.0468,3.78,,,,,,
23,zigzag,0.075,0.2591,8,25,,,,,,0.1091,2.49,,,,
24,tilt,0.075,0.2856,7,29,,,,,,,,13.82,2.0,,
25,curve,0.055,0.2668,8,25,0.12,0.0358,,,,,,,,,
26,stop,0.075,0.333,6,33,,,3,,,,,,,,
27,shake,0.055,0.3536,7,29,,,,0.029,3.96,,,,,,
28,zigzag,0.075,0.2601,5,40,,,,,,0.0654,2.01,,,,
29,tilt,0.065,0.3118,8,25,,,,,,,,10.07,1.0,,
30,curve,0.065,0.3443,8,25,0.0943,0.0285,,,,,,,,,
31,stop,0.075,0.2886,6,33,,,2,,,,,,,,
32,shake,0.075,0.2505,8,25,,,,0.0388,3.85,,,,,,
33,zigzag,0.055,0.2523,7,29,,,,,,0.0799,1.46,,,,
34,tilt,0.055,0.2775,5,40,,,,,,,,10.89,1.0,,
35,curve,0.065,0.2999,8,25,0.0648,0.0508,,,,,,,,,
36,stop,0.065,0.3444,7,29,,,3,,,,,,,,
37,shake,0.085,0.3897,8,25,,,,0.0377,2.98,,,,,,
38,zigzag,0.055,0.3809,8,25,,,,,,0.1112,2.3,,,,
39,tilt,0.055,0.3893,5,40,,,,,,,,10.28,0.0,,
40,curve,0.065,0.267,5,40,0.111,0.0273,,,,,,,,,
41,stop,0.055,0.3923,7,29,,,2,,,,,,,,
42,shake,0.075,0.2877,6,33,,,,0.0489,2.13,,,,,,
43,zigzag,0.075,0.3786,7,29,,,,,,0.1079,1.2,,,,
44,tilt,0.085,0.3508,7,29,,,,,,,,10.3,2.0,,
45,curve,0.055,0.3277,5,40,0.1049,0.0329,,,,,,,,,
46,stop,0.055,0.3293,8,25,,,2,,,,,,,,
47,shake,0.085,0.3173,6,33,,,,0.0326,1.99,,,,,,
48,zigzag,0.055,0.3561,6,33,,,,,,0.0771,1.15,,,,
49,tilt,0.055,0.2542,5,40,,,,,,,,8.34,0.0,,
50,curve,0.055,0.2909,7,29,0.1438,0.0708,,,,,,,,,
51,stop,0.075,0.3831,5,40,,,3,,,,,,,,
52,shake,0.085,0.3762,5,40,,,,0.0292,1.73,,,,,,
53,zigzag,0.055,0.2615,8,25,,,,,,0.0865,2.19,,,,
54,tilt,0.055,0.2922,7,29,,,,,,,,10.28,1.0,,
55,curve,0.055,0.3669,5,40,0.1008,0.0785,,,,,,,,,
56,stop,0.065,0.2766,7,29,,,2,,,,,,,,
57,shake,0.075,0.2582,7,29,,,,0.0265,2.17,,,,,,
58,zigzag,0.085,0.3077,7,29,,,,,,0.0705,2.09,,,,
59,tilt,0.055,0.3797,7,29,,,,,,,,12.56,0.0,,
60,curve,0.065,0.3493,7,29,0.1582,0.0639,,,,,,,,,
61,stop,0.065,0.3852,8,25,,,2,,,,,,,,
62,shake,0.085,0.3355,5,40,,,,0.038,2.74,,,,,,
63,zigzag,0.085,0.3069,8,25,,,,,,0.1077,2.5,,,,
64,tilt,0.055,0.3171,7,29,,,,,,,,13.6,2.0,,
65,curve,0.085,0.3138,8,25,0.0669,0.0624,,,,,,,,,
66,stop,0.085,0.2801,5,40,,,2,,,,,,,,
67,shake,0.075,0.2606,6,33,,,,0.0366,3.7,,,,,,
68,zigzag,0.085,0.2481,5,40,,,,,,0.1061,1.86,,,,
69,tilt,0.085,0.3971,6,33,,,,,,,,8.39,0.0,,
70,curve,0.075,0.2452,6,33,0.1672,0.0652,,,,,,,,,
71,stop,0.065,0.3487,5,40,,,3,,,,,,,,
72,shake,0.055,0.2403,6,33,,,,0.0276,2.74,,,,,,
73,zigzag,0.065,0.2495,5,40,,,,,,0.0535,2.74,,,,
74,tilt,0.055,0.378,7,29,,,,,,,,7.25,1.0,,
75,curve,0.075,0.2948,5,40,0.1758,0.0604,,,,,,,,,
76,stop,0.055,0.3786,8,25,,,3,,,,,,,,
77,shake,0.075,0.2944,6,33,,,,0.0334,3.05,,,,,,
78,zigzag,0.075,0.3817,6,33,,,,,,0.1081,2.81,,,,
79,tilt,0.075,0.3987,7,29,,,,,,,,6.72,1.0,,
80,curve,0.065,0.2815,7,29,0.1663,0.0767,,,,,,,,,
81,stop,0.055,0.312,6,33,,,2,,,,,,,,
82,shake,0.075,0.2458,8,25,,,,0.0258,3.61,,,,,,
83,zigzag,0.085,0.33,5,40,,,,,,0.1196,1.97,,,,
84,tilt,0.085,0.3825,6,33,,,,,,,,12.01,2.0,,
85,curve,0.065,0.3089,8,25,0.1079,0.0579,,,,,,,,,
86,stop,0.075,0.3269,8,25,,,2,,,,,,,,
87,shake,0.075,0.2477,6,33,,,,0.0299,3.09,,,,,,
88,zigzag,0.075,0.3497,5,40,,,,,,0.0893,1.02,,,,
89,tilt,0.085,0.2433,7,29,,,,,,,,8.33,1.0,,
90,curve,0.075,0.3375,7,29,0.1567,0.0783,,,,,,,,,
91,stop,0.085,0.2832,6,33,,,3,,,,,,,,
92,shake,0.055,0.2719,7,29,,,,0.0459,2.12,,,,,,
93,zigzag,0.075,0.2534,7,29,,,,,,0.1118,1.21,,,,
94,tilt,0.075,0.289,5,40,,,,,,,,6.31,2.0,,
95,curve,0.065,0.3857,8,25,0.077,0.0637,,,,,,,,,
96,stop,0.065,0.3755,7,29,,,2,,,,,,,,
97,shake,0.055,0.2506,5,40,,,,0.0342,2.22,,,,,,
98,zigzag,0.055,0.2806,6,33,,,,,,0.1103,1.73,,,,
99,tilt,0.075,0.2424,5,40,,,,,,,,11.3,0.0,,
100,curve,0.055,0.3494,6,33,0.0655,0.0573,,,,,,,,,
101,stop,0.055,0.3395,6,33,,,2,,,,,,,,
102,shake,0.085,0.358,8,25,,,,0.04,2.93,,,,,,
103,zigzag,0.055,0.3573,5,40,,,,,,0.1101,2.44,,,,
104,tilt,0.055,0.3492,6,33,,,,,,,,12.96,0.0,,
105,curve,0.065,0.3448,7,29,0.0838,0.0342,,,,,,,,,
106,stop,0.075,0.3789,5,40,,,3,,,,,,,,
107,shake,0.055,0.369,6,33,,,,0.0436,3.37,,,,,,
108,zigzag,0.075,0.2604,8,25,,,,,,0.0677,2.92,,,,
109,tilt,0.065,0.2459,5,40,,,,,,,,12.62,2.0,,
110,curve,0.075,0.2564,5,40,0.1165,0.0531,,,,,,,,,
111,stop,0.075,0.2795,7,29,,,2,,,,,,,,
112,shake,0.055,0.3711,6,33,,,,0.0368,3.47,,,,,,
113,zigzag,0.075,0.3911,5,40,,,,,,0.0745,2.89,,,,
114,tilt,0.055,0.2474,6,33,,,,,,,,12.8,0.0,,
115,curve,0.065,0.3178,5,40,0.0593,0.0497,,,,,,,,,
116,stop,0.075,0.3502,5,40,,,2,,,,,,,,
117,shake,0.085,0.3228,7,29,,,,0.04,1.87,,,,,,
118,zigzag,0.085,0.3049,6,33,,,,,,0.094,2.28,,,,
119,tilt,0.065,0.2674,7,29,,,,,,,,13.23,0.0,,
120,curve,0.075,0.3727,5,40,0.0832,0.0661,,,,,,,,,
121,stop,0.055,0.2969,7,29,,,2,,,,,,,,
122,shake,0.055,0.2623,7,29,,,,0.0422,3.32,,,,,,
123,zigzag,0.085,0.2479,7,29,,,,,,0.0981,1.47,,,,
124,tilt,0.065,0.367,6,33,,,,,,,,8.63,2.0,,
125,curve,0.075,0.3378,5,40,0.1572,0.0558,,,,,,,,,
126,stop,0.085,0.2539,8,25,,,3,,,,,,,,
127,shake,0.085,0.3436,5,40,,,,0.0375,3.21,,,,,,
128,zigzag,0.085,0.3187,6,33,,,,,,0.1014,1.73,,,,
129,tilt,0.085,0.2678,6,33,,,,,,,,13.02,1.0,,
130,curve,0.055,0.3534,6,33,0.1462,0.0769,,,,,,,,,
131,stop,0.075,0.2597,5,40,,,3,,,,,,,,
132,shake,0.065,0.3727,6,33,,,,0.0491,3.26,,,,,,
133,zigzag,0.075,0.3725,8,25,,,,,,0.0418,1.71,,,,
134,tilt,0.085,0.3994,5,40,,,,,,,,7.86,1.0,,
135,curve,0.065,0.3415,7,29,0.0998,0.0779,,,,,,,,,
136,stop,0.055,0.2841,7,29,,,2,,,,,,,,
137,shake,0.075,0.3384,7,29,,,,0.0381,1.93,,,,,,
138,zigzag,0.085,0.2574,5,40,,,,,,0.0884,2.32,,,,
139,tilt,0.065,0.2597,5,40,,,,,,,,9.63,2.0,,
140,curve,0.065,0.3871,8,25,0.0691,0.023,,,,,,,,,
141,stop,0.085,0.3114,8,25,,,2,,,,,,,,
142,shake,0.055,0.2805,6,33,,,,0.0382,3.08,,,,,,
143,zigzag,0.065,0.3298,6,33,,,,,,0.0985,2.15,,,,
144,tilt,0.085,0.3833,5,40,,,,,,,,11.71,2.0,,
145,curve,0.055,0.3353,6,33,0.0894,0.0436,,,,,,,,,
146,stop,0.055,0.2457,8,25,,,3,,,,,,,,
147,shake,0.085,0.2567,7,29,,,,0.0326,1.8,,,,,,
148,zigzag,0.075,0.2517,5,40,,,,,,0.0735,1.05,,,,
149,tilt,0.065,0.2674,5,40,,,,,,,,8.33,0.0,,
150,curve,0.055,0.3623,7,29,0.1389,0.023,,,,,,,,,
151,stop,0.065,0.2511,7,29,,,3,,,,,,,,
152,shake,0.065,0.2495,6,33,,,,0.0253,1.82,,,,,,
153,zigzag,0.075,0.2931,6,33,,,,,,0.0518,2.65,,,,
154,tilt,0.055,0.3617,6,33,,,,,,,,10.24,2.0,,
155,curve,0.085,0.3376,6,33,0.1708,0.0717,,,,,,,,,
156,stop,0.085,0.3279,8,25,,,2,,,,,,,,
157,shake,0.075,0.2614,5,40,,,,0.0445,3.63,,,,,,
158,zigzag,0.055,0.2555,8,25,,,,,,0.1061,1.78,,,,
159,tilt,0.055,0.2435,5,40,,,,,,,,11.52,0.0,,
160,curve,0.065,0.3573,5,40,0.0651,0.0666,,,,,,,,,
161,stop,0.085,0.3454,5,40,,,2,,,,,,,,
162,shake,0.055,0.3661,8,25,,,,0.05,2.25,,,,,,
163,zigzag,0.075,0.3897,8,25,,,,,,0.115,1.23,,,,
164,tilt,0.085,0.3747,8,25,,,,,,,,9.66,2.0,,
165,curve,0.055,0.3393,7,29,0.1166,0.0479,,,,,,,,,
166,stop,0.065,0.2588,8,25,,,3,,,,,,,,
167,shake,0.055,0.3483,8,25,,,,0.0358,3.14,,,,,,
168,zigzag,0.065,0.3414,7,29,,,,,,0.0912,2.07,,,,
169,tilt,0.085,0.3624,7,29,,,,,,,,10.73,1.0,,
170,curve,0.085,0.3476,8,25,0.0546,0.0796,,,,,,,,,
171,stop,0.075,0.3268,7,29,,,2,,,,,,,,
172,shake,0.065,0.2854,6,33,,,,0.0348,3.41,,,,,,
173,zigzag,0.055,0.3451,5,40,,,,,,0.0784,1.27,,,,
174,tilt,0.075,0.2656,8,25,,,,,,,,8.37,0.0,,
175,curve,0.085,0.3639,6,33,0.0533,0.0775,,,,,,,,,
176,stop,0.085,0.2623,6,33,,,3,,,,,,,,
177,shake,0.085,0.3175,7,29,,,,0.0241,1.65,,,,,,
178,zigzag,0.085,0.3828,5,40,,,,,,0.0594,1.93,,,,
179,tilt,0.075,0.2977,6,33,,,,,,,,11.21,2.0,,
180,curve,0.065,0.3982,5,40,0.0591,0.0516,,,,,,,,,
181,stop,0.075,0.282,7,29,,,2,,,,,,,,
182,shake,0.055,0.3898,6,33,,,,0.0443,3.25,,,,,,
183,zigzag,0.055,0.2856,7,29,,,,,,0.0978,1.25,,,,
184,tilt,0.075,0.2794,5,40,,,,,,,,11.26,0.0,,
185,curve,0.065,0.3118,7,29,0.1172,0.0287,,,,,,,,,
186,stop,0.055,0.3555,6,33,,,3,,,,,,,,
187,shake,0.055,0.2482,7,29,,,,0.0407,3.58,,,,,,
188,zigzag,0.065,0.271,7,29,,,,,,0.0585,1.63,,,,
189,tilt,0.065,0.2913,8,25,,,,,,,,13.13,0.0,,
190,curve,0.065,0.3484,7,29,0.1028,0.0412,,,,,,,,,
191,stop,0.055,0.3376,5,40,,,3,,,,,,,,
192,shake,0.065,0.2487,7,29,,,,0.0318,2.81,,,,,,
193,zigzag,0.075,0.3273,8,25,,,,,,0.0524,2.11,,,,
194,tilt,0.085,0.253,7,29,,,,,,,,13.34,2.0,,
195,curve,0.065,0.3705,7,29,0.0599,0.0565,,,,,,,,,
196,stop,0.075,0.2473,6,33,,,2,,,,,,,,
197,shake,0.065,0.374,6,33,,,,0.03,1.98,,,,,,
198,zigzag,0.075,0.2773,5,40,,,,,,0.0987,2.99,,,,
199,tilt,0.085,0.2955,7,29,,,,,,,,8.23,0.0,,
200,curve,0.085,0.2413,5,40,0.0502,0.0226,,,,,,,,,
201,stop,0.085,0.2709,7,29,,,3,,,,,,,,
202,shake,0.065,0.3484,6,33,,,,0.0442,2.98,,,,,,
203,zigzag,0.065,0.2718,8,25,,,,,,0.0408,2.65,,,,
204,tilt,0.065,0.3565,8,25,,,,,,,,10.38,1.0,,
205,curve,0.075,0.2449,6,33,0.1363,0.0491,,,,,,,,,
206,stop,0.065,0.2927,5,40,,,3,,,,,,,,
207,shake,0.075,0.3942,5,40,,,,0.0264,2.85,,,,,,
208,zigzag,0.085,0.3592,7,29,,,,,,0.057,1.12,,,,
209,tilt,0.085,0.3329,5,40,,,,,,,,13.84,1.0,,
210,curve,0.075,0.3327,6,33,0.0563,0.0694,,,,,,,,,
211,stop,0.075,0.2823,6,33,,,3,,,,,,,,
212,shake,0.065,0.3562,7,29,,,,0.0395,1.98,,,,,,
213,zigzag,0.085,0.3007,6,33,,,,,,0.0557,2.44,,,,
214,tilt,0.055,0.368,6,33,,,,,,,,12.58,1.0,,
215,curve,0.065,0.248,6,33,0.0748,0.0313,,,,,,,,,
216,stop,0.055,0.3325,6,33,,,2,,,,,,,,
217,shake,0.085,0.2761,7,29,,,,0.0338,1.95,,,,,,
218,zigzag,0.065,0.3296,8,25,,,,,,0.043,2.59,,,,
219,tilt,0.075,0.2787,8,25,,,,,,,,6.58,0.0,,
220,curve,0.065,0.2532,6,33,0.1109,0.023,,,,,,,,,
221,stop,0.075,0.3339,7,29,,,2,,,,,,,,
222,shake,0.055,0.3355,7,29,,,,0.0487,2.06,,,,,,
223,zigzag,0.075,0.2724,5,40,,,,,,0.1028,2.16,,,,
224,tilt,0.065,0.3048,5,40,,,,,,,,6.77,0.0,,
225,curve,0.085,0.2553,5,40,0.1084,0.0423,,,,,,,,,
226,stop,0.075,0.2651,6,33,,,3,,,,,,,,
227,shake,0.065,0.3774,7,29,,,,0.047,2.17,,,,,,
228,zigzag,0.055,0.3242,8,25,,,,,,0.0814,2.31,,,,
229,tilt,0.065,0.3812,6,33,,,,,,,,12.31,1.0,,
230,curve,0.055,0.3059,8,25,0.1627,0.0449,,,,,,,,,
231,stop,0.075,0.3597,6,33,,,3,,,,,,,,
232,shake,0.065,0.2433,8,25,,,,0.0258,2.89,,,,,,
233,zigzag,0.075,0.2797,5,40,,,,,,0.1078,2.29,,,,
234,tilt,0.055,0.3238,6,33,,,,,,,,10.82,2.0,,
235,curve,0.065,0.3119,5,40,0.1028,0.0348,,,,,,,,,
236,stop,0.065,0.3093,5,40,,,3,,,,,,,,
237,shake,0.065,0.3056,5,40,,,,0.0223,2.77,,,,,,
238,zigzag,0.055,0.2771,6,33,,,,,,0.0417,1.9,,,,
239,tilt,0.075,0.2972,5,40,,,,,,,,6.25,0.0,,
240,curve,0.075,0.2551,5,40,0.1554,0.0236,,,,,,,,,
241,stop,0.085,0.297,7,29,,,3,,,,,,,,
242,shake,0.075,0.3884,6,33,,,,0.0215,2.19,,,,,,
243,zigzag,0.085,0.3909,8,25,,,,,,0.0631,1.17,,,,
244,tilt,0.075,0.2918,7,29,,,,,,,,11.47,1.0,,
245,curve,0.075,0.3424,6,33,0.1788,0.0651,,,,,,,,,
246,stop,0.055,0.3496,8,25,,,3,,,,,,,,
247,shake,0.075,0.3267,8,25,,,,0.036,3.77,,,,,,
248,zigzag,0.075,0.3667,6,33,,,,,,0.0645,2.34,,,,
249,tilt,0.055,0.3469,7,29,,,,,,,,11.78,1.0,,
250,curve,0.075,0.3246,8,25,0.1086,0.0222,,,,,,,,,
251,stop,0.075,0.3336,8,25,,,3,,,,,,,,
252,shake,0.055,0.3078,5,40,,,,0.042,1.56,,,,,,
253,zigzag,0.085,0.3945,6,33,,,,,,0.0577,1.88,,,,
254,tilt,0.065,0.2833,5,40,,,,,,,,8.87,1.0,,
255,curve,0.065,0.2777,8,25,0.1012,0.0638,,,,,,,,,
256,stop,0.075,0.2845,7,29,,,3,,,,,,,,
257,shake,0.055,0.251,8,25,,,,0.0378,2.66,,,,,,
258,zigzag,0.065,0.393,5,40,,,,,,0.1016,1.61,,,,
259,tilt,0.085,0.3491,8,25,,,,,,,,8.81,2.0,,
260,curve,0.055,0.3243,7,29,0.102,0.0645,,,,,,,,,
261,stop,0.055,0.282,7,29,,,3,,,,,,,,
262,shake,0.065,0.3476,8,25,,,,0.0366,3.49,,,,,,
263,zigzag,0.065,0.2876,5,40,,,,,,0.1153,1.95,,,,
264,tilt,0.075,0.3793,8,25,,,,,,,,12.15,2.0,,
265,curve,0.055,0.3039,6,33,0.105,0.0502,,,,,,,,,
266,stop,0.085,0.3166,7,29,,,2,,,,,,,,
267,shake,0.075,0.2787,5,40,,,,0.0469,3.75,,,,,,
268,zigzag,0.065,0.2525,8,25,,,,,,0.0428,1.68,,,,
269,tilt,0.085,0.3745,6,33,,,,,,,,10.99,0.0,,
270,curve,0.055,0.308,8,25,0.112,0.0283,,,,,,,,,
271,stop,0.075,0.2995,5,40,,,3,,,,,,,,
272,shake,0.065,0.2435,5,40,,,,0.0435,3.94,,,,,,
273,zigzag,0.055,0.2785,8,25,,,,,,0.0926,2.11,,,,
274,tilt,0.075,0.2514,6,33,,,,,,,,9.13,1.0,,
275,curve,0.075,0.2727,5,40,0.0696,0.065,,,,,,,,,
276,stop,0.065,0.291,6,33,,,3,,,,,,,,
277,shake,0.055,0.345,8,25,,,,0.0255,3.23,,,,,,
278,zigzag,0.075,0.3788,5,40,,,,,,0.0932,2.57,,,,
279,tilt,0.075,0.3014,5,40,,,,,,,,12.18,0.0,,
280,curve,0.055,0.348,8,25,0.1314,0.07,,,,,,,,,
281,stop,0.085,0.3181,5,40,,,3,,,,,,,,
282,shake,0.055,0.3034,8,25,,,,0.0278,3.71,,,,,,
283,zigzag,0.075,0.3601,6,33,,,,,,0.0474,1.89,,,,
284,tilt,0.065,0.2918,5,40,,,,,,,,6.49,0.0,,
285,curve,0.065,0.2569,5,40,0.1583,0.068,,,,,,,,,
286,stop,0.075,0.2448,5,40,,,3,,,,,,,,
287,shake,0.065,0.359,6,33,,,,0.0256,3.85,,,,,,
288,zigzag,0.075,0.3628,6,33,,,,,,0.093,2.22,,,,
289,tilt,0.055,0.2585,8,25,,,,,,,,6.48,0.0,,
290,curve,0.055,0.3976,8,25,0.1319,0.0296,,,,,,,,,
291,stop,0.055,0.263,6,33,,,2,,,,,,,,
292,shake,0.065,0.2917,8,25,,,,0.0377,2.07,,,,,,
293,zigzag,0.065,0.368,6,33,,,,,,0.1193,2.21,,,,
294,tilt,0.055,0.2541,6,33,,,,,,,,6.06,1.0,,
295,curve,0.085,0.3106,5,40,0.0695,0.0565,,,,,,,,,
296,stop,0.075,0.3121,6,33,,,3,,,,,,,,
297,shake,0.065,0.2476,7,29,,,,0.0386,2.56,,,,,,
298,zigzag,0.075,0.3431,8,25,,,,,,0.0982,1.75,,,,
299,tilt,0.085,0.3814,7,29,,,,,,,,8.76,1.0,,
300,curve,0.065,0.3663,6,33,0.0997,0.0641,,,,,,,,,
301,stop,0.065,0.2429,6,33,,,3,,,,,,,,
302,shake,0.055,0.2785,8,25,,,,0.0352,1.82,,,,,,
303,zigzag,0.075,0.2441,6,33,,,,,,0.0681,2.39,,,,
304,tilt,0.065,0.3914,8,25,,,,,,,,12.85,1.0,,
305,curve,0.065,0.2439,6,33,0.0763,0.0406,,,,,,,,,
306,stop,0.065,0.2949,5,40,,,2,,,,,,,,
307,shake,0.085,0.3528,6,33,,,,0.0493,3.61,,,,,,
308,zigzag,0.085,0.3336,8,25,,,,,,0.0635,1.43,,,,
309,tilt,0.065,0.2849,5,40,,,,,,,,8.7,0.0,,
310,curve,0.065,0.3402,5,40,0.0581,0.0432,,,,,,,,,
311,stop,0.085,0.2656,5,40,,,3,,,,,,,,
312,shake,0.065,0.3481,5,40,,,,0.0213,3.49,,,,,,
313,zigzag,0.055,0.2904,6,33,,,,,,0.1154,2.04,,,,
314,tilt,0.085,0.3112,5,40,,,,,,,,12.85,1.0,,
315,curve,0.055,0.3348,7,29,0.1203,0.0288,,,,,,,,,
316,stop,0.085,0.2583,5,40,,,2,,,,,,,,
317,shake,0.055,0.308,7,29,,,,0.0247,3.91,,,,,,
318,zigzag,0.065,0.3334,5,40,,,,,,0.0666,1.7,,,,
319,tilt,0.085,0.3322,6,33,,,,,,,,10.46,0.0,,
320,curve,0.075,0.3719,5,40,0.168,0.032,,,,,,,,,
321,stop,0.075,0.3637,7,29,,,2,,,,,,,,
322,shake,0.075,0.2711,6,33,,,,0.026,3.31,,,,,,
323,zigzag,0.085,0.2715,8,25,,,,,,0.1168,1.33,,,,
324,tilt,0.065,0.3614,5,40,,,,,,,,9.34,1.0,,
325,curve,0.055,0.2408,8,25,0.0943,0.0505,,,,,,,,,
326,stop,0.075,0.3375,8,25,,,2,,,,,,,,
327,shake,0.075,0.2405,5,40,,,,0.0208,3.29,,,,,,
328,zigzag,0.055,0.3715,8,25,,,,,,0.0638,1.62,,,,
329,tilt,0.075,0.2699,6,33,,,,,,,,8.34,1.0,,
330,curve,0.065,0.3492,5,40,0.1783,0.0514,,,,,,,,,
331,stop,0.085,0.3851,6,33,,,3,,,,,,,,
332,shake,0.075,0.308,6,33,,,,0.0402,2.24,,,,,,
333,zigzag,0.065,0.3654,6,33,,,,,,0.1195,2.0,,,,
334,tilt,0.075,0.3228,7,29,,,,,,,,13.52,1.0,,
335,curve,0.075,0.3455,8,25,0.097,0.0573,,,,,,,,,
336,stop,0.055,0.2571,5,40,,,2,,,,,,,,
337,shake,0.065,0.3026,8,25,,,,0.0376,3.82,,,,,,
338,zigzag,0.055,0.3722,5,40,,,,,,0.0508,2.91,,,,
339,tilt,0.055,0.2788,8,25,,,,,,,,10.86,1.0,,
340,curve,0.075,0.2654,6,33,0.1601,0.0255,,,,,,,,,
341,stop,0.055,0.3057,8,25,,,3,,,,,,,,
342,shake,0.055,0.3996,7,29,,,,0.0214,3.77,,,,,,
343,zigzag,0.065,0.2573,6,33,,,,,,0.0983,1.17,,,,
344,tilt,0.085,0.3271,7,29,,,,,,,,12.05,1.0,,
345,curve,0.065,0.2776,7,29,0.0567,0.0552,,,,,,,,,
346,stop,0.055,0.3087,7,29,,,2,,,,,,,,
347,shake,0.075,0.3573,6,33,,,,0.0467,2.88,,,,,,
348,zigzag,0.075,0.2813,5,40,,,,,,0.058,2.28,,,,
349,tilt,0.085,0.2672,6,33,,,,,,,,12.42,2.0,,
350,curve,0.085,0.3725,7,29,0.1707,0.0384,,,,,,,,,
351,stop,0.055,0.2962,6,33,,,3,,,,,,,,
352,shake,0.085,0.2479,5,40,,,,0.0475,3.65,,,,,,
353,zigzag,0.075,0.2671,6,33,,,,,,0.0944,2.39,,,,
354,tilt,0.055,0.3266,7,29,,,,,,,,12.02,0.0,,
355,curve,0.065,0.3841,5,40,0.0973,0.0515,,,,,,,,,
356,stop,0.055,0.3708,8,25,,,3,,,,,,,,
357,shake,0.055,0.3377,8,25,,,,0.026,3.7,,,,,,
358,zigzag,0.085,0.3062,5,40,,,,,,0.0786,2.02,,,,
359,tilt,0.055,0.332,6,33,,,,,,,,8.77,2.0,,
360,curve,0.075,0.3357,6,33,0.1076,0.0743,,,,,,,,,
361,stop,0.085,0.2985,7,29,,,3,,,,,,,,
362,shake,0.065,0.3297,6,33,,,,0.0327,3.96,,,,,,
363,zigzag,0.055,0.3556,8,25,,,,,,0.1118,2.3,,,,
364,tilt,0.055,0.2937,8,25,,,,,,,,6.7,0.0,,
365,curve,0.085,0.3173,7,29,0.1538,0.0637,,,,,,,,,
366,stop,0.085,0.3512,5,40,,,3,,,,,,,,
367,shake,0.055,0.2506,6,33,,,,0.0477,1.76,,,,,,
368,zigzag,0.055,0.3162,8,25,,,,,,0.106,2.48,,,,
369,tilt,0.085,0.372,6,33,,,,,,,,13.82,1.0,,
370,curve,0.065,0.2598,7,29,0.12,0.075,,,,,,,,,
371,stop,0.055,0.3492,8,25,,,2,,,,,,,,
372,shake,0.075,0.3608,5,40,,,,0.0234,3.73,,,,,,
373,zigzag,0.065,0.266,6,33,,,,,,0.0973,1.18,,,,
374,tilt,0.075,0.2522,5,40,,,,,,,,7.09,1.0,,
375,curve,0.055,0.3714,8,25,0.1352,0.0763,,,,,,,,,
376,stop,0.075,0.3245,5,40,,,3,,,,,,,,
377,shake,0.075,0.3882,6,33,,,,0.0495,2.83,,,,,,
378,zigzag,0.075,0.3979,5,40,,,,,,0.0674,2.99,,,,
379,tilt,0.065,0.365,6,33,,,,,,,,8.79,1.0,,
380,curve,0.065,0.3257,5,40,0.0712,0.0686,,,,,,,,,
381,stop,0.065,0.2625,5,40,,,3,,,,,,,,
382,shake,0.085,0.2716,6,33,,,,0.0261,1.64,,,,,,
383,zigzag,0.075,0.3797,8,25,,,,,,0.1182,2.98,,,,
384,tilt,0.075,0.3121,6,33,,,,,,,,10.51,1.0,,
385,curve,0.085,0.343,7,29,0.1021,0.0571,,,,,,,,,
386,stop,0.055,0.3066,7,29,,,2,,,,,,,,
387,shake,0.075,0.2605,6,33,,,,0.0436,1.55,,,,,,
388,zigzag,0.065,0.3432,5,40,,,,,,0.0609,1.33,,,,
389,tilt,0.065,0.3844,6,33,,,,,,,,7.19,0.0,,
390,curve,0.065,0.3376,5,40,0.1449,0.028,,,,,,,,,
391,stop,0.065,0.2472,6,33,,,3,,,,,,,,
392,shake,0.085,0.2413,5,40,,,,0.0261,1.93,,,,,,
393,zigzag,0.055,0.3561,5,40,,,,,,0.0415,2.64,,,,
394,tilt,0.055,0.3989,7,29,,,,,,,,11.24,1.0,,
395,curve,0.065,0.3661,6,33,0.0686,0.0397,,,,,,,,,
396,stop,0.065,0.3477,7,29,,,3,,,,,,,,
397,shake,0.075,0.3629,7,29,,,,0.0325,3.82,,,,,,
398,zigzag,0.075,0.3175,6,33,,,,,,0.095,1.83,,,,
399,tilt,0.085,0.2635,7,29,,,,,,,,8.33,1.0,,
400,curve,0.075,0.3962,7,29,0.0629,0.0732,,,,,,,,,
401,stop,0.075,0.2967,8,25,,,3,,,,,,,,
402,shake,0.055,0.2888,5,40,,,,0.0464,2.1,,,,,,
403,zigzag,0.075,0.2592,7,29,,,,,,0.081,2.27,,,,
404,tilt,0.055,0.3103,8,25,,,,,,,,12.81,0.0,,
405,curve,0.055,0.3302,8,25,0.17,0.0373,,,,,,,,,
406,stop,0.085,0.2423,7,29,,,3,,,,,,,,
407,shake,0.075,0.3778,7,29,,,,0.0362,3.21,,,,,,
408,zigzag,0.055,0.3257,5,40,,,,,,0.0632,1.77,,,,
409,tilt,0.055,0.3485,8,25,,,,,,,,10.49,0.0,,
410,curve,0.085,0.3869,5,40,0.1173,0.0486,,,,,,,,,
411,stop,0.055,0.329,5,40,,,2,,,,,,,,
412,shake,0.055,0.3936,8,25,,,,0.0381,2.19,,,,,,
413,zigzag,0.085,0.3891,5,40,,,,,,0.0607,1.34,,,,
414,tilt,0.065,0.3441,5,40,,,,,,,,9.44,2.0,,
415,curve,0.055,0.2511,7,29,0.0655,0.0691,,,,,,,,,
416,stop,0.085,0.3006,5,40,,,3,,,,,,,,
417,shake,0.065,0.3873,7,29,,,,0.0256,2.68,,,,,,
418,zigzag,0.065,0.3307,6,33,,,,,,0.0944,2.77,,,,
419,tilt,0.075,0.2832,5,40,,,,,,,,9.59,1.0,,
420,curve,0.085,0.3046,8,25,0.1322,0.0489,,,,,,,,,
421,stop,0.055,0.3628,8,25,,,2,,,,,,,,
422,shake,0.085,0.3971,5,40,,,,0.0234,3.06,,,,,,
423,zigzag,0.075,0.2827,8,25,,,,,,0.1059,2.76,,,,
424,tilt,0.065,0.2545,6,33,,,,,,,,7.42,2.0,,
425,curve,0.085,0.2846,7,29,0.1639,0.0688,,,,,,,,,
426,stop,0.075,0.3474,8,25,,,3,,,,,,,,
427,shake,0.065,0.288,8,25,,,,0.0391,3.06,,,,,,
428,zigzag,0.085,0.3734,7,29,,,,,,0.1059,1.39,,,,
429,tilt,0.055,0.334,5,40,,,,,,,,6.34,0.0,,
430,curve,0.055,0.3094,7,29,0.1171,0.0722,,,,,,,,,
431,stop,0.055,0.3423,6,33,,,3,,,,,,,,
432,shake,0.075,0.3433,7,29,,,,0.0482,3.32,,,,,,
433,zigzag,0.085,0.3691,8,25,,,,,,0.0676,2.67,,,,
434,tilt,0.055,0.3223,7,29,,,,,,,,9.6,0.0,,
435,curve,0.075,0.2614,5,40,0.1704,0.0414,,,,,,,,,
436,stop,0.075,0.2498,6,33,,,2,,,,,,,,
437,shake,0.075,0.2845,8,25,,,,0.0431,2.56,,,,,,
438,zigzag,0.075,0.3717,5,40,,,,,,0.0641,2.45,,,,
439,tilt,0.075,0.3568,5,40,,,,,,,,7.23,2.0,,
440,curve,0.065,0.3425,7,29,0.084,0.0355,,,,,,,,,
441,stop,0.085,0.2851,8,25,,,2,,,,,,,,
442,shake,0.075,0.3119,5,40,,,,0.0232,2.79,,,,,,
443,zigzag,0.075,0.3242,7,29,,,,,,0.0606,1.13,,,,
444,tilt,0.085,0.38,7,29,,,,,,,,9.78,0.0,,
445,curve,0.065,0.3481,6,33,0.1621,0.0553,,,,,,,,,
446,stop,0.085,0.3398,8,25,,,3,,,,,,,,
447,shake,0.075,0.3639,5,40,,,,0.0447,1.59,,,,,,
448,zigzag,0.065,0.2928,5,40,,,,,,0.1017,2.63,,,,
449,tilt,0.055,0.2778,8,25,,,,,,,,11.46,0.0,,
450,curve,0.055,0.3048,5,40,0.1674,0.0249,,,,,,,,,
451,stop,0.065,0.3656,8,25,,,3,,,,,,,,
452,shake,0.065,0.2773,6,33,,,,0.0231,2.13,,,,,,
453,zigzag,0.055,0.3472,5,40,,,,,,0.094,2.79,,,,
454,tilt,0.085,0.3588,6,33,,,,,,,,10.17,2.0,,
455,curve,0.055,0.3945,6,33,0.1637,0.076,,,,,,,,,
456,stop,0.075,0.3037,7,29,,,3,,,,,,,,
457,shake,0.055,0.2454,7,29,,,,0.0396,2.21,,,,,,
458,zigzag,0.075,0.2484,8,25,,,,,,0.0827,1.91,,,,
459,tilt,0.075,0.3627,5,40,,,,,,,,8.66,1.0,,
460,curve,0.055,0.3319,5,40,0.1382,0.0649,,,,,,,,,
461,stop,0.065,0.3021,5,40,,,2,,,,,,,,
462,shake,0.065,0.395,7,29,,,,0.0342,2.13,,,,,,
463,zigzag,0.085,0.2726,8,25,,,,,,0.0832,1.19,,,,
464,tilt,0.065,0.3601,7,29,,,,,,,,8.28,2.0,,
465,curve,0.075,0.3937,8,25,0.0897,0.0265,,,,,,,,,
466,stop,0.085,0.2426,6,33,,,2,,,,,,,,
467,shake,0.055,0.3299,6,33,,,,0.0372,3.84,,,,,,
468,zigzag,0.085,0.2658,7,29,,,,,,0.0873,2.38,,,,
469,tilt,0.075,0.2727,5,40,,,,,,,,13.72,1.0,,
470,curve,0.055,0.3633,5,40,0.0923,0.0657,,,,,,,,,
471,stop,0.055,0.34,6,33,,,3,,,,,,,,
472,shake,0.075,0.2431,6,33,,,,0.0349,3.45,,,,,,
473,zigzag,0.085,0.2608,6,33,,,,,,0.048,2.2,,,,
474,tilt,0.085,0.256,6,33,,,,,,,,10.57,0.0,,
475,curve,0.055,0.3856,8,25,0.1516,0.062,,,,,,,,,
476,stop,0.055,0.26,6,33,,,2,,,,,,,,
477,shake,0.055,0.2613,5,40,,,,0.026,3.44,,,,,,
478,zigzag,0.055,0.3597,6,33,,,,,,0.0796,2.03,,,,
479,tilt,0.085,0.322,6,33,,,,,,,,11.22,1.0,,
480,curve,0.085,0.2872,8,25,0.0924,0.0432,,,,,,,,,
481,stop,0.065,0.336,8,25,,,2,,,,,,,,
482,shake,0.065,0.3891,7,29,,,,0.046,2.62,,,,,,
483,zigzag,0.075,0.3418,5,40,,,,,,0.1153,2.0,,,,
484,tilt,0.065,0.3382,8,25,,,,,,,,11.9,1.0,,
485,curve,0.065,0.2562,5,40,0.0844,0.056,,,,,,,,,
486,stop,0.085,0.343,8,25,,,2,,,,,,,,
487,shake,0.075,0.3906,5,40,,,,0.0254,2.73,,,,,,
488,zigzag,0.055,0.3818,8,25,,,,,,0.0792,1.22,,,,
489,tilt,0.065,0.3595,8,25,,,,,,,,7.52,2.0,,
490,curve,0.055,0.3158,5,40,0.0967,0.04,,,,,,,,,
491,stop,0.055,0.3396,7,29,,,3,,,,,,,,
492,shake,0.055,0.2755,8,25,,,,0.0336,3.73,,,,,,
493,zigzag,0.085,0.3749,8,25,,,,,,0.0422,1.06,,,,
494,tilt,0.065,0.3184,6,33,,,,,,,,11.18,1.0,,
495,curve,0.085,0.3018,6,33,0.1656,0.0613,,,,,,,,,
496,stop,0.065,0.3421,8,25,,,3,,,,,,,,
497,shake,0.085,0.2462,7,29,,,,0.0467,3.65,,,,,,
498,zigzag,0.055,0.352,7,29,,,,,,0.0736,2.89,,,,
499,tilt,0.075,0.391,7,29,,,,,,,,11.66,2.0,,
500,curve,0.075,0.3645,5,40,0.0555,0.0611,,,,,,,,,
501,stop,0.075,0.3155,7,29,,,2,,,,,,,,
502,shake,0.075,0.332,8,25,,,,0.0277,2.56,,,,,,
503,zigzag,0.065,0.381,8,25,,,,,,0.0544,2.14,,,,
504,tilt,0.075,0.2961,7,29,,,,,,,,6.62,1.0,,
505,curve,0.085,0.354,5,40,0.0836,0.0473,,,,,,,,,
506,stop,0.075,0.3146,8,25,,,3,,,,,,,,
507,shake,0.085,0.3299,8,25,,,,0.0464,1.71,,,,,,
508,zigzag,0.055,0.2486,6,33,,,,,,0.0654,1.96,,,,
509,tilt,0.085,0.2541,5,40,,,,,,,,13.76,0.0,,
510,curve,0.055,0.361,5,40,0.1277,0.0593,,,,,,,,,
511,stop,0.065,0.3051,8,25,,,2,,,,,,,,
512,shake,0.065,0.2835,7,29,,,,0.0461,2.41,,,,,,
513,zigzag,0.085,0.2863,8,25,,,,,,0.1141,2.23,,,,
514,tilt,0.055,0.264,7,29,,,,,,,,6.03,2.0,,
515,curve,0.075,0.3989,8,25,0.1243,0.052,,,,,,,,,
516,stop,0.055,0.2977,7,29,,,3,,,,,,,,
517,shake,0.075,0.2412,6,33,,,,0.0434,3.52,,,,,,
518,zigzag,0.055,0.3706,6,33,,,,,,0.048,1.14,,,,
519,tilt,0.055,0.2756,5,40,,,,,,,,9.22,0.0,,
520,curve,0.085,0.3358,7,29,0.1234,0.0341,,,,,,,,,
521,stop,0.065,0.3584,8,25,,,2,,,,,,,,
522,shake,0.055,0.3647,5,40,,,,0.0331,2.71,,,,,,
523,zigzag,0.075,0.2598,8,25,,,,,,0.0487,1.03,,,,
524,tilt,0.055,0.2554,8,25,,,,,,,,12.46,2.0,,
525,curve,0.065,0.2808,7,29,0.1551,0.022,,,,,,,,,
526,stop,0.065,0.3699,8,25,,,2,,,,,,,,
527,shake,0.055,0.3787,5,40,,,,0.0453,3.43,,,,,,
528,zigzag,0.085,0.373,6,33,,,,,,0.0709,1.02,,,,
529,tilt,0.075,0.2559,7,29,,,,,,,,9.17,0.0,,
530,curve,0.065,0.3477,6,33,0.1325,0.055,,,,,,,,,
531,stop,0.055,0.2928,8,25,,,3,,,,,,,,
532,shake,0.085,0.2964,5,40,,,,0.0224,3.31,,,,,,
533,zigzag,0.065,0.2696,6,33,,,,,,0.0568,2.73,,,,
534,tilt,0.075,0.262,6,33,,,,,,,,6.31,1.0,,
535,curve,0.075,0.2709,8,25,0.1795,0.0229,,,,,,,,,
536,stop,0.065,0.3576,5,40,,,2,,,,,,,,
537,shake,0.055,0.2483,6,33,,,,0.0351,3.22,,,,,,
538,zigzag,0.075,0.2504,7,29,,,,,,0.1196,1.37,,,,
539,tilt,0.085,0.3846,5,40,,,,,,,,9.2,1.0,,
540,curve,0.055,0.3731,8,25,0.1643,0.0336,,,,,,,,,
541,stop,0.085,0.2699,8,25,,,3,,,,,,,,
542,shake,0.065,0.4,7,29,,,,0.0265,1.54,,,,,,
543,zigzag,0.085,0.375,7,29,,,,,,0.094,1.35,,,,
544,tilt,0.075,0.3621,6,33,,,,,,,,9.36,1.0,,
545,curve,0.075,0.2819,7,29,0.1422,0.0547,,,,,,,,,
546,stop,0.075,0.3345,6,33,,,3,,,,,,,,
547,shake,0.075,0.3668,6,33,,,,0.0449,2.53,,,,,,
548,zigzag,0.065,0.3691,8,25,,,,,,0.0522,1.02,,,,
549,tilt,0.075,0.3486,8,25,,,,,,,,13.69,0.0,,
550,curve,0.065,0.2929,7,29,0.1664,0.067,,,,,,,,,
551,stop,0.085,0.3519,6,33,,,2,,,,,,,,
552,shake,0.065,0.3826,8,25,,,,0.0293,1.78,,,,,,
553,zigzag,0.085,0.3551,6,33,,,,,,0.1,1.73,,,,
554,tilt,0.055,0.2768,8,25,,,,,,,,10.25,2.0,,
555,curve,0.075,0.287,7,29,0.0587,0.0452,,,,,,,,,
556,stop,0.075,0.3946,7,29,,,3,,,,,,,,
557,shake,0.075,0.2914,5,40,,,,0.0337,2.72,,,,,,
558,zigzag,0.055,0.3462,5,40,,,,,,0.0943,1.13,,,,
559,tilt,0.085,0.2846,6,33,,,,,,,,9.64,2.0,,
560,curve,0.055,0.2674,8,25,0.1085,0.0269,,,,,,,,,
561,stop,0.065,0.3298,5,40,,,3,,,,,,,,
562,shake,0.075,0.3992,6,33,,,,0.0242,3.35,,,,,,
563,zigzag,0.055,0.316,6,33,,,,,,0.0841,2.58,,,,
564,tilt,0.065,0.3534,8,25,,,,,,,,7.19,2.0,,
565,curve,0.065,0.3718,5,40,0.097,0.0377,,,,,,,,,
566,stop,0.055,0.3442,8,25,,,3,,,,,,,,
567,shake,0.085,0.2534,5,40,,,,0.0498,3.38,,,,,,
568,zigzag,0.075,0.391,7,29,,,,,,0.107,2.6,,,,
569,tilt,0.075,0.3943,8,25,,,,,,,,12.18,1.0,,
570,curve,0.075,0.3819,7,29,0.162,0.0625,,,,,,,,,
571,stop,0.055,0.3272,7,29,,,2,,,,,,,,
572,shake,0.055,0.372,6,33,,,,0.0338,3.33,,,,,,
573,zigzag,0.055,0.3249,5,40,,,,,,0.0602,2.48,,,,
574,tilt,0.075,0.2999,8,25,,,,,,,,6.06,2.0,,
575,curve,0.075,0.3813,8,25,0.088,0.0336,,,,,,,,,
576,stop,0.065,0.2955,7,29,,,3,,,,,,,,
577,shake,0.065,0.356,8,25,,,,0.0222,2.88,,,,,,
578,zigzag,0.055,0.3734,8,25,,,,,,0.1137,2.23,,,,
579,tilt,0.055,0.3349,7,29,,,,,,,,12.24,2.0,,
580,curve,0.055,0.274,7,29,0.0623,0.0688,,,,,,,,,
581,stop,0.055,0.2594,8,25,,,3,,,,,,,,
582,shake,0.075,0.378,5,40,,,,0.037,1.54,,,,,,
583,zigzag,0.085,0.3701,7,29,,,,,,0.0557,2.05,,,,
584,tilt,0.075,0.39,6,33,,,,,,,,7.34,1.0,,
585,curve,0.085,0.3663,8,25,0.148,0.0541,,,,,,,,,
586,stop,0.085,0.3424,6,33,,,3,,,,,,,,
587,shake,0.085,0.3971,7,29,,,,0.0344,3.51,,,,,,
588,zigzag,0.085,0.2784,7,29,,,,,,0.0867,1.22,,,,
589,tilt,0.085,0.3811,5,40,,,,,,,,8.61,2.0,,
590,curve,0.055,0.358,5,40,0.0803,0.0512,,,,,,,,,
591,stop,0.075,0.3922,6,33,,,3,,,,,,,,
592,shake,0.085,0.3034,6,33,,,,0.0203,2.81,,,,,,
593,zigzag,0.075,0.3154,8,25,,,,,,0.1168,2.49,,,,
594,tilt,0.085,0.3045,8,25,,,,,,,,10.11,1.0,,
595,curve,0.075,0.3009,6,33,0.0611,0.0473,,,,,,,,,
596,stop,0.075,0.2458,5,40,,,2,,,,,,,,
597,shake,0.085,0.364,8,25,,,,0.0452,3.54,,,,,,
598,zigzag,0.065,0.2762,6,33,,,,,,0.1151,2.19,,,,
599,tilt,0.065,0.2812,5,40,,,,,,,,13.17,1.0,,
600,curve,0.075,0.2493,6,33,0.0964,0.0734,,,,,,,,,
601,stop,0.075,0.2585,5,40,,,3,,,,,,,,
602,shake,0.065,0.2812,5,40,,,,0.0445,2.05,,,,,,
603,zigzag,0.065,0.367,6,33,,,,,,0.0645,2.87,,,,
604,tilt,0.085,0.2619,6,33,,,,,,,,13.92,0.0,,
605,curve,0.075,0.3432,7,29,0.095,0.021,,,,,,,,,
606,stop,0.055,0.3578,7,29,,,3,,,,,,,,
607,shake,0.085,0.3822,7,29,,,,0.0327,3.07,,,,,,
608,zigzag,0.085,0.3217,8,25,,,,,,0.0404,2.17,,,,
609,tilt,0.065,0.3747,7,29,,,,,,,,12.36,1.0,,
610,curve,0.065,0.2971,6,33,0.1117,0.0336,,,,,,,,,
611,stop,0.075,0.3559,7,29,,,2,,,,,,,,
612,shake,0.075,0.3274,6,33,,,,0.0376,2.85,,,,,,
613,zigzag,0.085,0.3116,5,40,,,,,,0.0645,2.14,,,,
614,tilt,0.065,0.2854,8,25,,,,,,,,6.0,2.0,,
615,curve,0.075,0.2733,7,29,0.1107,0.0394,,,,,,,,,
616,stop,0.055,0.3567,7,29,,,3,,,,,,,,
617,shake,0.055,0.3977,7,29,,,,0.0389,3.23,,,,,,
618,zigzag,0.055,0.3528,5,40,,,,,,0.1135,2.46,,,,
619,tilt,0.065,0.3645,8,25,,,,,,,,13.96,1.0,,
620,curve,0.055,0.2982,8,25,0.0514,0.0375,,,,,,,,,
621,stop,0.085,0.3456,7,29,,,3,,,,,,,,
622,shake,0.085,0.322,6,33,,,,0.0236,2.62,,,,,,
623,zigzag,0.065,0.3715,7,29,,,,,,0.0952,2.12,,,,
624,tilt,0.085,0.2938,7,29,,,,,,,,11.04,1.0,,
625,curve,0.085,0.2503,7,29,0.1794,0.0671,,,,,,,,,
626,stop,0.075,0.3039,7,29,,,2,,,,,,,,
627,shake,0.075,0.2982,7,29,,,,0.0326,2.14,,,,,,
628,zigzag,0.055,0.3448,6,33,,,,,,0.0536,1.13,,,,
629,tilt,0.085,0.352,7,29,,,,,,,,10.88,1.0,,
630,curve,0.075,0.3659,7,29,0.0693,0.0692,,,,,,,,,
631,stop,0.085,0.2779,6,33,,,2,,,,,,,,
632,shake,0.075,0.2444,6,33,,,,0.0356,1.61,,,,,,
633,zigzag,0.085,0.3698,7,29,,,,,,0.0753,2.8,,,,
634,tilt,0.065,0.3593,8,25,,,,,,,,9.9,1.0,,
635,curve,0.075,0.315,7,29,0.0773,0.0768,,,,,,,,,
636,stop,0.065,0.3978,8,25,,,2,,,,,,,,
637,shake,0.085,0.3754,5,40,,,,0.0334,3.62,,,,,,
638,zigzag,0.055,0.2644,5,40,,,,,,0.0508,2.86,,,,
639,tilt,0.075,0.2852,6,33,,,,,,,,6.89,1.0,,
640,curve,0.055,0.2761,5,40,0.1141,0.0798,,,,,,,,,
641,stop,0.075,0.3339,7,29,,,2,,,,,,,,
642,shake,0.075,0.2912,7,29,,,,0.0278,3.65,,,,,,
643,zigzag,0.065,0.331,7,29,,,,,,0.0662,2.61,,,,
644,tilt,0.075,0.3945,7,29,,,,,,,,13.93,0.0,,
645,curve,0.065,0.2704,7,29,0.1005,0.033,,,,,,,,,
646,stop,0.085,0.3977,7,29,,,2,,,,,,,,
647,shake,0.055,0.2504,5,40,,,,0.0416,2.9,,,,,,
648,zigzag,0.055,0.3631,6,33,,,,,,0.0587,2.66,,,,
649,tilt,0.085,0.2929,6,33,,,,,,,,10.4,0.0,,
650,curve,0.075,0.3653,6,33,0.0509,0.0596,,,,,,,,,
651,stop,0.055,0.3852,7,29,,,3,,,,,,,,
652,shake,0.055,0.3851,6,33,,,,0.0288,2.1,,,,,,
653,zigzag,0.055,0.2899,5,40,,,,,,0.1039,2.03,,,,
654,tilt,0.055,0.3095,7,29,,,,,,,,13.31,1.0,,
655,curve,0.065,0.3265,5,40,0.0945,0.073,,,,,,,,,
656,stop,0.055,0.2937,6,33,,,3,,,,,,,,
657,shake,0.085,0.2696,7,29,,,,0.0425,3.64,,,,,,
658,zigzag,0.065,0.2492,6,33,,,,,,0.0754,1.83,,,,
659,tilt,0.055,0.3407,7,29,,,,,,,,8.8,1.0,,
660,curve,0.065,0.3638,5,40,0.167,0.0399,,,,,,,,,
661,stop,0.055,0.3897,8,25,,,3,,,,,,,,
662,shake,0.085,0.2863,5,40,,,,0.0302,3.14,,,,,,
663,zigzag,0.075,0.3676,7,29,,,,,,0.0432,2.98,,,,
664,tilt,0.055,0.2475,5,40,,,,,,,,9.75,2.0,,
665,curve,0.075,0.2528,5,40,0.1097,0.0533,,,,,,,,,
666,stop,0.085,0.3386,8,25,,,3,,,,,,,,
667,shake,0.085,0.2636,5,40,,,,0.0269,2.97,,,,,,
668,zigzag,0.075,0.2514,7,29,,,,,,0.1115,2.67,,,,
669,tilt,0.075,0.3307,5,40,,,,,,,,11.49,0.0,,
670,curve,0.055,0.2435,8,25,0.1146,0.0311,,,,,,,,,
671,stop,0.075,0.3212,6,33,,,2,,,,,,,,
672,shake,0.085,0.3818,5,40,,,,0.0477,3.62,,,,,,
673,zigzag,0.055,0.2594,5,40,,,,,,0.0655,2.44,,,,
674,tilt,0.055,0.2404,7,29,,,,,,,,6.26,0.0,,
675,curve,0.055,0.3027,5,40,0.0709,0.0581,,,,,,,,,
676,stop,0.065,0.3325,7,29,,,2,,,,,,,,
677,shake,0.055,0.316,5,40,,,,0.0306,2.51,,,,,,
678,zigzag,0.075,0.3181,6,33,,,,,,0.1044,2.85,,,,
679,tilt,0.085,0.2737,8,25,,,,,,,,10.51,2.0,,
680,curve,0.075,0.3198,6,33,0.1637,0.0756,,,,,,,,,
681,stop,0.065,0.3767,6,33,,,3,,,,,,,,
682,shake,0.065,0.3278,7,29,,,,0.044,1.66,,,,,,
683,zigzag,0.065,0.3772,5,40,,,,,,0.1065,1.58,,,,
684,tilt,0.055,0.3682,8,25,,,,,,,,8.69,2.0,,
685,curve,0.055,0.2751,8,25,0.0625,0.0409,,,,,,,,,
686,stop,0.075,0.3706,5,40,,,2,,,,,,,,
687,shake,0.055,0.3295,6,33,,,,0.0219,2.77,,,,,,
688,zigzag,0.075,0.3447,8,25,,,,,,0.0663,1.64,,,,
689,tilt,0.085,0.296,8,25,,,,,,,,7.06,1.0,,
690,curve,0.075,0.3895,7,29,0.0667,0.0735,,,,,,,,,
691,stop,0.075,0.3529,6,33,,,2,,,,,,,,
692,shake,0.085,0.3056,6,33,,,,0.0288,1.94,,,,,,
693,zigzag,0.055,0.339,7,29,,,,,,0.0785,1.16,,,,
694,tilt,0.075,0.3975,8,25,,,,,,,,6.16,2.0,,
695,curve,0.075,0.2889,8,25,0.0901,0.0715,,,,,,,,,
696,stop,0.065,0.3866,6,33,,,2,,,,,,,,
697,shake,0.085,0.3634,5,40,,,,0.0228,2.53,,,,,,
698,zigzag,0.085,0.2555,5,40,,,,,,0.0881,2.56,,,,
699,tilt,0.075,0.368,6,33,,,,,,,,12.94,0.0,,
700,curve,0.055,0.3109,7,29,0.1246,0.0511,,,,,,,,,
701,stop,0.085,0.2608,7,29,,,2,,,,,,,,
702,shake,0.055,0.2446,6,33,,,,0.0242,2.64,,,,,,
703,zigzag,0.065,0.2464,8,25,,,,,,0.0837,1.73,,,,
704,tilt,0.065,0.3303,7,29,,,,,,,,10.73,0.0,,
705,curve,0.055,0.3055,5,40,0.0752,0.0734,,,,,,,,,
706,stop,0.075,0.394,6,33,,,2,,,,,,,,
707,shake,0.075,0.3878,6,33,,,,0.0329,2.54,,,,,,
708,zigzag,0.075,0.3169,8,25,,,,,,0.0467,2.86,,,,
709,tilt,0.065,0.2825,6,33,,,,,,,,6.79,2.0,,
710,curve,0.065,0.245,5,40,0.1653,0.0787,,,,,,,,,
711,stop,0.055,0.3589,7,29,,,2,,,,,,,,
712,shake,0.085,0.2676,8,25,,,,0.0265,2.95,,,,,,
713,zigzag,0.085,0.2516,6,33,,,,,,0.0832,1.05,,,,
714,tilt,0.065,0.3401,5,40,,,,,,,,12.81,2.0,,
715,curve,0.085,0.2899,5,40,0.0786,0.0693,,,,,,,,,
716,stop,0.065,0.2937,5,40,,,3,,,,,,,,
717,shake,0.085,0.3969,7,29,,,,0.0394,1.76,,,,,,
718,zigzag,0.055,0.3917,5,40,,,,,,0.0934,1.98,,,,
719,tilt,0.065,0.3628,6,33,,,,,,,,13.28,1.0,,
720,curve,0.075,0.2741,7,29,0.0596,0.0418,,,,,,,,,
721,stop,0.085,0.352,5,40,,,3,,,,,,,,
722,shake,0.075,0.3075,7,29,,,,0.0423,1.62,,,,,,
723,zigzag,0.055,0.271,8,25,,,,,,0.0527,2.08,,,,
724,tilt,0.055,0.2544,7,29,,,,,,,,9.81,1.0,,
725,curve,0.065,0.3242,7,29,0.1737,0.0264,,,,,,,,,
726,stop,0.085,0.3945,7,29,,,2,,,,,,,,
727,shake,0.075,0.3536,6,33,,,,0.0236,3.25,,,,,,
728,zigzag,0.055,0.2547,6,33,,,,,,0.0987,2.12,,,,
729,tilt,0.055,0.304,8,25,,,,,,,,6.54,1.0,,
730,curve,0.065,0.3633,5,40,0.1067,0.0665,,,,,,,,,
731,stop,0.065,0.3059,5,40,,,2,,,,,,,,
732,shake,0.065,0.2478,8,25,,,,0.0262,3.17,,,,,,
733,zigzag,0.075,0.347,8,25,,,,,,0.1079,2.94,,,,
734,tilt,0.075,0.2995,6,33,,,,,,,,8.51,2.0,,
735,curve,0.065,0.3478,6,33,0.0505,0.0701,,,,,,,,,
736,stop,0.065,0.2408,5,40,,,3,,,,,,,,
737,shake,0.065,0.2805,7,29,,,,0.0313,2.16,,,,,,
738,zigzag,0.075,0.3021,5,40,,,,,,0.0801,2.93,,,,
739,tilt,0.065,0.258,5,40,,,,,,,,6.11,0.0,,
740,curve,0.075,0.3563,7,29,0.101,0.0488,,,,,,,,,
741,stop,0.085,0.3401,7,29,,,3,,,,,,,,
742,shake,0.075,0.2824,8,25,,,,0.0387,2.59,,,,,,
743,zigzag,0.075,0.2942,8,25,,,,,,0.0755,1.34,,,,
744,tilt,0.085,0.3675,5,40,,,,,,,,12.84,1.0,,
745,curve,0.065,0.3072,7,29,0.1204,0.0358,,,,,,,,,
746,stop,0.065,0.3944,7,29,,,2,,,,,,,,
747,shake,0.055,0.2587,5,40,,,,0.0407,2.96,,,,,,
748,zigzag,0.065,0.3891,8,25,,,,,,0.1096,1.75,,,,
749,tilt,0.085,0.3828,7,29,,,,,,,,6.22,1.0,,
750,curve,0.075,0.2725,7,29,0.0983,0.0352,,,,,,,,,
751,stop,0.085,0.3853,6,33,,,3,,,,,,,,
752,shake,0.065,0.3028,7,29,,,,0.0404,3.89,,,,,,
753,zigzag,0.085,0.3574,6,33,,,,,,0.0716,1.97,,,,
754,tilt,0.065,0.3985,5,40,,,,,,,,6.05,2.0,,
755,curve,0.055,0.3504,7,29,0.0975,0.0587,,,,,,,,,
756,stop,0.055,0.3536,5,40,,,2,,,,,,,,
757,shake,0.055,0.352,8,25,,,,0.0281,3.25,,,,,,
758,zigzag,0.065,0.3255,8,25,,,,,,0.0768,1.08,,,,
759,tilt,0.055,0.2475,5,40,,,,,,,,11.33,0.0,,
760,curve,0.075,0.3947,8,25,0.1127,0.0731,,,,,,,,,
761,stop,0.065,0.2418,6,33,,,3,,,,,,,,
762,shake,0.075,0.3552,8,25,,,,0.0359,3.01,,,,,,
763,zigzag,0.075,0.3521,6,33,,,,,,0.0797,2.8,,,,
764,tilt,0.075,0.3003,5,40,,,,,,,,7.97,1.0,,
765,curve,0.085,0.2671,6,33,0.1664,0.0386,,,,,,,,,
766,stop,0.075,0.3222,8,25,,,3,,,,,,,,
767,shake,0.085,0.3586,7,29,,,,0.0214,2.24,,,,,,
768,zigzag,0.075,0.3066,7,29,,,,,,0.0541,2.5,,,,
769,tilt,0.055,0.3034,7,29,,,,,,,,10.75,1.0,,
770,curve,0.075,0.2956,8,25,0.1041,0.0584,,,,,,,,,
771,stop,0.055,0.2967,7,29,,,2,,,,,,,,
772,shake,0.075,0.2979,7,29,,,,0.0441,1.68,,,,,,
773,zigzag,0.065,0.3376,7,29,,,,,,0.0921,2.24,,,,
774,tilt,0.055,0.3859,7,29,,,,,,,,7.99,1.0,,
775,curve,0.065,0.3791,5,40,0.0654,0.0711,,,,,,,,,
776,stop,0.065,0.2958,5,40,,,3,,,,,,,,
777,shake,0.075,0.2467,6,33,,,,0.0463,1.64,,,,,,
778,zigzag,0.075,0.379,6,33,,,,,,0.0956,1.98,,,,
779,tilt,0.065,0.3073,7,29,,,,,,,,12.9,2.0,,
780,curve,0.085,0.368,7,29,0.0633,0.0666,,,,,,,,,
781,stop,0.075,0.3583,8,25,,,3,,,,,,,,
782,shake,0.085,0.3093,8,25,,,,0.0257,3.93,,,,,,
783,zigzag,0.055,0.3037,7,29,,,,,,0.0735,1.92,,,,
784,tilt,0.055,0.356,6,33,,,,,,,,11.17,0.0,,
785,curve,0.055,0.311,5,40,0.1643,0.0478,,,,,,,,,
786,stop,0.085,0.327,5,40,,,2,,,,,,,,
787,shake,0.065,0.2677,8,25,,,,0.0216,2.54,,,,,,
788,zigzag,0.065,0.2484,6,33,,,,,,0.0663,1.17,,,,
789,tilt,0.085,0.3491,7,29,,,,,,,,10.19,2.0,,
790,curve,0.085,0.3604,6,33,0.0551,0.066,,,,,,,,,
791,stop,0.055,0.2846,5,40,,,2,,,,,,,,
792,shake,0.065,0.3321,7,29,,,,0.0458,1.95,,,,,,
793,zigzag,0.075,0.2495,7,29,,,,,,0.1174,1.96,,,,
794,tilt,0.055,0.3893,6,33,,,,,,,,7.87,2.0,,
795,curve,0.075,0.2711,8,25,0.1386,0.0376,,,,,,,,,
796,stop,0.075,0.3158,6,33,,,3,,,,,,,,
797,shake,0.065,0.3085,7,29,,,,0.0485,1.91,,,,,,
798,zigzag,0.085,0.3368,6,33,,,,,,0.048,1.09,,,,
799,tilt,0.075,0.3892,6,33,,,,,,,,10.53,2.0,,
800,curve,0.055,0.3764,7,29,0.1359,0.05,,,,,,,,,
801,stop,0.065,0.254,6,33,,,3,,,,,,,,
802,shake,0.075,0.3299,8,25,,,,0.0286,2.12,,,,,,
803,zigzag,0.085,0.337,5,40,,,,,,0.104,2.9,,,,
804,tilt,0.055,0.2817,8,25,,,,,,,,10.17,2.0,,
805,curve,0.075,0.2777,7,29,0.0877,0.0596,,,,,,,,,
806,stop,0.085,0.2489,6,33,,,3,,,,,,,,
807,shake,0.055,0.33,7,29,,,,0.0497,2.56,,,,,,
808,zigzag,0.075,0.3706,8,25,,,,,,0.0759,2.9,,,,
809,tilt,0.055,0.3059,5,40,,,,,,,,10.79,1.0,,
810,curve,0.065,0.2443,5,40,0.113,0.0452,,,,,,,,,
811,stop,0.065,0.3526,8,25,,,3,,,,,,,,
812,shake,0.055,0.2936,7,29,,,,0.0381,3.48,,,,,,
813,zigzag,0.075,0.3231,8,25,,,,,,0.0944,1.81,,,,
814,tilt,0.075,0.3352,6,33,,,,,,,,10.96,0.0,,
815,curve,0.055,0.2452,6,33,0.0988,0.0567,,,,,,,,,
816,stop,0.055,0.3612,7,29,,,3,,,,,,,,
817,shake,0.055,0.3592,7,29,,,,0.0373,2.16,,,,,,
818,zigzag,0.075,0.3735,8,25,,,,,,0.0923,1.71,,,,
819,tilt,0.075,0.3021,8,25,,,,,,,,6.18,0.0,,
820,curve,0.085,0.2485,6,33,0.1596,0.0611,,,,,,,,,
821,stop,0.075,0.3833,5,40,,,2,,,,,,,,
822,shake,0.075,0.2814,6,33,,,,0.023,1.95,,,,,,
823,zigzag,0.075,0.3165,6,33,,,,,,0.048,2.85,,,,
824,tilt,0.055,0.3332,8,25,,,,,,,,11.73,0.0,,
825,curve,0.065,0.2967,6,33,0.0552,0.0636,,,,,,,,,
826,stop,0.075,0.3376,6,33,,,3,,,,,,,,
827,shake,0.085,0.3125,5,40,,,,0.0421,3.59,,,,,,
828,zigzag,0.085,0.3503,8,25,,,,,,0.0596,2.36,,,,
829,tilt,0.085,0.3699,7,29,,,,,,,,11.12,1.0,,
830,curve,0.055,0.3268,8,25,0.0793,0.0514,,,,,,,,,
831,stop,0.085,0.2642,7,29,,,3,,,,,,,,
832,shake,0.055,0.2448,7,29,,,,0.0432,3.13,,,,,,
833,zigzag,0.085,0.3438,8,25,,,,,,0.0501,2.65,,,,
834,tilt,0.085,0.321,7,29,,,,,,,,13.41,1.0,,
835,curve,0.055,0.2652,6,33,0.0628,0.0723,,,,,,,,,
836,stop,0.065,0.2587,5,40,,,3,,,,,,,,
837,shake,0.065,0.3685,7,29,,,,0.033,3.12,,,,,,
838,zigzag,0.085,0.3971,7,29,,,,,,0.0416,1.12,,,,
839,tilt,0.065,0.3018,6,33,,,,,,,,7.87,0.0,,
840,curve,0.065,0.3468,6,33,0.1192,0.0496,,,,,,,,,
841,stop,0.055,0.2627,8,25,,,2,,,,,,,,
842,shake,0.065,0.3184,6,33,,,,0.0378,3.57,,,,,,
843,zigzag,0.085,0.2606,6,33,,,,,,0.0939,2.06,,,,
844,tilt,0.065,0.3438,6,33,,,,,,,,7.5,1.0,,
845,curve,0.065,0.3012,6,33,0.1288,0.0258,,,,,,,,,
846,stop,0.085,0.2468,6,33,,,3,,,,,,,,
847,shake,0.055,0.2776,6,33,,,,0.0498,2.19,,,,,,
848,zigzag,0.085,0.3171,7,29,,,,,,0.0451,2.8,,,,
849,tilt,0.085,0.3349,7,29,,,,,,,,12.25,1.0,,
850,curve,0.055,0.2463,8,25,0.1603,0.0643,,,,,,,,,
851,stop,0.075,0.3121,6,33,,,2,,,,,,,,
852,shake,0.065,0.3996,8,25,,,,0.041,3.09,,,,,,
853,zigzag,0.055,0.2664,8,25,,,,,,0.0589,1.41,,,,
854,tilt,0.085,0.3045,5,40,,,,,,,,12.97,0.0,,
855,curve,0.065,0.2745,7,29,0.1032,0.0258,,,,,,,,,
856,stop,0.055,0.3099,5,40,,,2,,,,,,,,
857,shake,0.065,0.2862,6,33,,,,0.0267,2.71,,,,,,
858,zigzag,0.065,0.3594,5,40,,,,,,0.0726,2.01,,,,
859,tilt,0.065,0.2753,8,25,,,,,,,,8.44,2.0,,
860,curve,0.065,0.2617,7,29,0.165,0.0732,,,,,,,,,
861,stop,0.065,0.275,5,40,,,2,,,,,,,,
862,shake,0.055,0.3632,6,33,,,,0.0465,2.15,,,,,,
863,zigzag,0.055,0.2429,5,40,,,,,,0.0619,2.37,,,,
864,tilt,0.085,0.3096,5,40,,,,,,,,13.7,1.0,,
865,curve,0.065,0.2933,5,40,0.0616,0.0588,,,,,,,,,
866,stop,0.085,0.3652,6,33,,,2,,,,,,,,
867,shake,0.075,0.3765,8,25,,,,0.025,3.13,,,,,,
868,zigzag,0.055,0.28,5,40,,,,,,0.1138,1.33,,,,
869,tilt,0.065,0.2722,6,33,,,,,,,,13.76,2.0,,
870,curve,0.055,0.3593,8,25,0.156,0.0464,,,,,,,,,
871,stop,0.065,0.3576,6,33,,,3,,,,,,,,
872,shake,0.065,0.2892,5,40,,,,0.0498,3.0,,,,,,
873,zigzag,0.065,0.3581,8,25,,,,,,0.0751,2.65,,,,
874,tilt,0.075,0.3269,6,33,,,,,,,,7.22,1.0,,
875,curve,0.065,0.3369,5,40,0.0857,0.048,,,,,,,,,
876,stop,0.055,0.3271,5,40,,,3,,,,,,,,
877,shake,0.055,0.3144,7,29,,,,0.0445,2.51,,,,,,
878,zigzag,0.055,0.3625,5,40,,,,,,0.0839,1.8,,,,
879,tilt,0.075,0.3855,5,40,,,,,,,,8.4,0.0,,
880,curve,0.065,0.3713,7,29,0.1551,0.0577,,,,,,,,,
881,stop,0.075,0.3675,7,29,,,3,,,,,,,,
882,shake,0.085,0.3699,6,33,,,,0.0434,3.54,,,,,,
883,zigzag,0.075,0.2672,8,25,,,,,,0.0617,2.72,,,,
884,tilt,0.055,0.3531,6,33,,,,,,,,13.8,1.0,,
885,curve,0.065,0.3138,7,29,0.0692,0.0203,,,,,,,,,
886,stop,0.075,0.2976,7,29,,,3,,,,,,,,
887,shake,0.065,0.3118,7,29,,,,0.0247,3.96,,,,,,
888,zigzag,0.075,0.3753,5,40,,,,,,0.0883,1.43,,,,
889,tilt,0.055,0.2966,8,25,,,,,,,,8.0,0.0,,
890,curve,0.075,0.3874,6,33,0.1229,0.038,,,,,,,,,
891,stop,0.065,0.3438,7,29,,,3,,,,,,,,
892,shake,0.085,0.3535,7,29,,,,0.0256,2.73,,,,,,
893,zigzag,0.075,0.3577,5,40,,,,,,0.0567,2.15,,,,
894,tilt,0.065,0.3002,7,29,,,,,,,,9.76,0.0,,
895,curve,0.085,0.3696,7,29,0.1217,0.0789,,,,,,,,,
896,stop,0.075,0.3507,6,33,,,2,,,,,,,,
897,shake,0.055,0.2472,7,29,,,,0.0386,3.23,,,,,,
898,zigzag,0.075,0.3693,7,29,,,,,,0.0726,2.11,,,,
899,tilt,0.055,0.3779,6,33,,,,,,,,13.94,2.0,,
900,curve,0.055,0.2966,5,40,0.1664,0.0443,,,,,,,,,
901,stop,0.065,0.3436,7,29,,,3,,,,,,,,
902,shake,0.055,0.3801,7,29,,,,0.0399,2.4,,,,,,
903,zigzag,0.085,0.3844,8,25,,,,,,0.0505,1.2,,,,
904,tilt,0.065,0.3431,8,25,,,,,,,,13.44,2.0,,
905,curve,0.065,0.274,6,33,0.138,0.0735,,,,,,,,,
906,stop,0.055,0.353,7,29,,,2,,,,,,,,
907,shake,0.055,0.3819,8,25,,,,0.0284,2.13,,,,,,
908,zigzag,0.065,0.3569,5,40,,,,,,0.0958,1.66,,,,
909,tilt,0.065,0.3046,8,25,,,,,,,,13.8,1.0,,
910,curve,0.055,0.2929,8,25,0.0951,0.0796,,,,,,,,,
911,stop,0.055,0.3711,6,33,,,2,,,,,,,,
912,shake,0.065,0.2862,7,29,,,,0.048,1.64,,,,,,
913,zigzag,0.065,0.3327,8,25,,,,,,0.1173,1.91,,,,
914,tilt,0.065,0.309,6,33,,,,,,,,11.9,1.0,,
915,curve,0.065,0.3167,5,40,0.0721,0.0259,,,,,,,,,
916,stop,0.085,0.2588,5,40,,,3,,,,,,,,
917,shake,0.065,0.3448,8,25,,,,0.038,2.48,,,,,,
918,zigzag,0.065,0.2654,8,25,,,,,,0.0576,2.62,,,,
919,tilt,0.065,0.3894,5,40,,,,,,,,11.26,2.0,,
920,curve,0.075,0.2755,5,40,0.1582,0.0596,,,,,,,,,
921,stop,0.065,0.3803,6,33,,,3,,,,,,,,
922,shake,0.065,0.3259,7,29,,,,0.0474,1.84,,,,,,
923,zigzag,0.075,0.3529,5,40,,,,,,0.0863,2.36,,,,
924,tilt,0.075,0.3815,5,40,,,,,,,,6.82,0.0,,
925,curve,0.075,0.3239,8,25,0.061,0.0243,,,,,,,,,
926,stop,0.075,0.2674,8,25,,,2,,,,,,,,
927,shake,0.085,0.3894,6,33,,,,0.0229,1.74,,,,,,
928,zigzag,0.075,0.3747,6,33,,,,,,0.1067,2.0,,,,
929,tilt,0.075,0.2921,8,25,,,,,,,,8.52,0.0,,
930,curve,0.065,0.358,5,40,0.1143,0.0232,,,,,,,,,
931,stop,0.065,0.3749,7,29,,,2,,,,,,,,
932,shake,0.075,0.3093,6,33,,,,0.0483,2.22,,,,,,
933,zigzag,0.065,0.3226,6,33,,,,,,0.1123,1.46,,,,
934,tilt,0.065,0.2807,7,29,,,,,,,,13.41,1.0,,
935,curve,0.085,0.3592,5,40,0.1116,0.0776,,,,,,,,,
936,stop,0.075,0.2467,7,29,,,3,,,,,,,,
937,shake,0.055,0.3298,6,33,,,,0.0403,3.56,,,,,,
938,zigzag,0.065,0.2579,7,29,,,,,,0.1061,1.1,,,,
939,tilt,0.065,0.2992,7,29,,,,,,,,8.71,2.0,,
940,curve,0.065,0.3021,8,25,0.1098,0.0285,,,,,,,,,
941,stop,0.075,0.2526,7,29,,,3,,,,,,,,
942,shake,0.075,0.2781,8,25,,,,0.0272,3.32,,,,,,
943,zigzag,0.065,0.3483,7,29,,,,,,0.0646,2.78,,,,
944,tilt,0.085,0.3338,8,25,,,,,,,,12.28,1.0,,
945,curve,0.075,0.2442,6,33,0.0817,0.072,,,,,,,,,
946,stop,0.055,0.3625,7,29,,,2,,,,,,,,
947,shake,0.075,0.3257,8,25,,,,0.0393,2.5,,,,,,
948,zigzag,0.085,0.2978,7,29,,,,,,0.0413,2.67,,,,
949,tilt,0.065,0.3729,5,40,,,,,,,,9.57,2.0,,
950,curve,0.065,0.327,5,40,0.1003,0.0374,,,,,,,,,
951,stop,0.055,0.3175,6,33,,,2,,,,,,,,
952,shake,0.065,0.3139,7,29,,,,0.0333,2.54,,,,,,
953,zigzag,0.085,0.2899,5,40,,,,,,0.0915,1.66,,,,
954,tilt,0.075,0.2846,5,40,,,,,,,,13.0,0.0,,
955,curve,0.075,0.2469,7,29,0.072,0.0688,,,,,,,,,
956,stop,0.065,0.3704,7,29,,,2,,,,,,,,
957,shake,0.055,0.3699,5,40,,,,0.0434,2.8,,,,,,
958,zigzag,0.065,0.3706,6,33,,,,,,0.0535,3.0,,,,
959,tilt,0.075,0.3387,8,25,,,,,,,,9.76,2.0,,
960,curve,0.055,0.351,7,29,0.1025,0.0203,,,,,,,,,
961,stop,0.085,0.2659,7,29,,,2,,,,,,,,
962,shake,0.085,0.3656,5,40,,,,0.0446,2.87,,,,,,
963,zigzag,0.075,0.2451,8,25,,,,,,0.048,1.38,,,,
964,tilt,0.085,0.3112,6,33,,,,,,,,11.94,0.0,,
965,curve,0.055,0.3664,8,25,0.0564,0.0367,,,,,,,,,
966,stop,0.085,0.2571,6,33,,,3,,,,,,,,
967,shake,0.055,0.3388,7,29,,,,0.0496,2.85,,,,,,
968,zigzag,0.055,0.3841,6,33,,,,,,0.0688,2.01,,,,
969,tilt,0.065,0.2868,7,29,,,,,,,,9.2,0.0,,
970,curve,0.065,0.2579,7,29,0.1095,0.0495,,,,,,,,,
971,stop,0.075,0.2581,7,29,,,3,,,,,,,,
972,shake,0.075,0.3407,6,33,,,,0.0322,3.84,,,,,,
973,zigzag,0.075,0.3063,5,40,,,,,,0.0543,2.05,,,,
974,tilt,0.065,0.3976,7,29,,,,,,,,7.44,1.0,,
975,curve,0.085,0.3103,5,40,0.1048,0.0781,,,,,,,,,
976,stop,0.085,0.2843,8,25,,,3,,,,,,,,
977,shake,0.085,0.241,5,40,,,,0.029,1.72,,,,,,
978,zigzag,0.055,0.3997,6,33,,,,,,0.1158,2.35,,,,
979,tilt,0.085,0.3173,7,29,,,,,,,,13.54,2.0,,
980,curve,0.065,0.2923,6,33,0.1667,0.0428,,,,,,,,,
981,stop,0.065,0.2405,6,33,,,3,,,,,,,,
982,shake,0.085,0.3488,8,25,,,,0.042,2.16,,,,,,
983,zigzag,0.055,0.3538,5,40,,,,,,0.0816,2.43,,,,
984,tilt,0.075,0.3705,6,33,,,,,,,,13.18,0.0,,
985,curve,0.075,0.2724,7,29,0.1347,0.0282,,,,,,,,,
986,stop,0.055,0.2978,5,40,,,2,,,,,,,,
987,shake,0.055,0.3109,6,33,,,,0.0453,2.22,,,,,,
988,zigzag,0.065,0.3859,5,40,,,,,,0.0416,2.29,,,,
989,tilt,0.055,0.2464,5,40,,,,,,,,12.74,0.0,,
990,curve,0.065,0.3321,8,25,0.1559,0.0322,,,,,,,,,
991,stop,0.085,0.2874,7,29,,,2,,,,,,,,
992,shake,0.075,0.3024,8,25,,,,0.0483,2.44,,,,,,
993,zigzag,0.085,0.3816,6,33,,,,,,0.0418,2.8,,,,
994,tilt,0.055,0.3307,8,25,,,,,,,,7.3,2.0,,
995,curve,0.085,0.3897,5,40,0.1412,0.0358,,,,,,,,,
996,stop,0.055,0.3838,7,29,,,3,,,,,,,,
997,shake,0.055,0.326,5,40,,,,0.0469,3.34,,,,,,
998,zigzag,0.055,0.3257,6,33,,,,,,0.1097,2.98,,,,
999,tilt,0.055,0.2657,5,40,,,,,,,,8.52,1.0,,
1000,curve,0.065,0.3104,8,25,0.0541,0.076,,,,,,,,,
